alpha,cl,cd
-9.8,-0.5058312,0.1145118
-9.75,-0.5050766,0.1138399
-9.7,-0.5043275,0.1131684
-9.65,-0.5035844,0.1124977
-9.6,-0.5028477,0.1118276
-9.55,-0.5021114,0.1111573
-9.5,-0.5013819,0.110488
-9.45,-0.5006598,0.1098196
-9.4,-0.4999457,0.1091523
-9.35,-0.4992401,0.1084862
-9.3,-0.4985437,0.1078213
-9.25,-0.4978569,0.107158
-9.2,-0.4971806,0.1064962
-9.15,-0.4965152,0.1058362
-9.1,-0.4958616,0.105178
-9.05,-0.4952136,0.1045208
-9.0,-0.4945774,0.1038658
-8.95,-0.4939544,0.103213
-8.5,-0.441018,0.09163505
-8.45,-0.4395389,0.0908922
-8.4,-0.4381735,0.09016319
-8.35,-0.4369179,0.08944747
-8.3,-0.4357705,0.08874483
-8.25,-0.4347256,0.08805452
-8.2,-0.4337823,0.08737645
-8.15,-0.4329392,0.08671033
-8.1,-0.4321951,0.08605587
-8.05,-0.4315447,0.08541223
-8.0,-0.4309781,0.08477678
-7.95,-0.43051,0.08414952
-7.9,-0.4301417,0.08352761
-7.85,-0.429874,0.08290759
-7.8,-0.4297151,0.08229503
-7.75,-0.4295494,0.08167751
-7.7,-0.4292868,0.08104574
-7.65,-0.4290038,0.08040857
-7.6,-0.4287627,0.07977059
-7.55,-0.4286237,0.07914058
-7.5,-0.4286467,0.0785241
-7.45,-0.4288994,0.07792838
-7.4,-0.4294688,0.07736284
-7.35,-0.4304891,0.07684219
-7.3,-0.4320571,0.0763769
-7.25,-0.4339693,0.07594313
-7.2,-0.4362403,0.07554217
-7.15,-0.4388394,0.07517115
-7.1,-0.4413442,0.07478485
-7.05,-0.4429905,0.07430138
-7.0,-0.443351,0.07367428
-6.95,-0.4431715,0.07299522
-6.9,-0.4432002,0.07233964
-6.85,-0.4432187,0.07168298
-6.8,-0.4430952,0.0710104
-6.75,-0.4428193,0.07032239
-6.7,-0.4423993,0.06962019
-6.65,-0.4418156,0.0689026
-6.6,-0.4410776,0.0681712
-6.55,-0.4401361,0.06742116
-6.5,-0.4388704,0.0666398
-6.45,-0.4373597,0.06583696
-6.4,-0.4358334,0.06503682
-6.35,-0.434176,0.06422912
-6.3,-0.4322672,0.06339937
-6.25,-0.430133,0.06255265
-6.2,-0.427693,0.06168066
-6.15,-0.424788,0.06076689
-6.1,-0.4212669,0.0597992
-6.05,-0.4166657,0.05873173
-6.0,-0.4109829,0.05756868
-5.95,-0.4070559,0.05659472
-5.0,-0.3539174,0.04260321
-4.95,-0.3527032,0.04288256
-4.9,-0.3494474,0.04260981
-4.85,-0.3452851,0.04195078
-4.7,-0.3314922,0.03949692
-4.65,-0.3266798,0.03865739
-4.6,-0.3217818,0.03781705
-4.55,-0.3169012,0.03698553
-4.5,-0.312011,0.03616783
-4.45,-0.3070539,0.03535385
-4.4,-0.3020165,0.03454179
-4.35,-0.2968922,0.03372929
-4.3,-0.29169,0.03291816
-4.25,-0.2865716,0.03214322
-4.2,-0.2814396,0.03137747
-4.15,-0.2762621,0.03061684
-4.1,-0.2710312,0.02986009
-4.05,-0.2657407,0.02910484
-4.0,-0.2603845,0.02834855
-3.95,-0.2549929,0.02759862
-3.9,-0.2495967,0.02685962
-3.85,-0.2441495,0.02611845
-3.8,-0.2386736,0.02538033
-3.75,-0.2346492,0.02318813
-3.7,-0.2305468,0.02293386
-3.65,-0.2261585,0.02278626
-3.6,-0.2216403,0.02268283
-2.35,-0.08326526,0.01066393
-2.25,-0.07222282,0.01027841
-2.2,-0.06682144,0.009871094
-2.15,-0.06137336,0.009598921
-2.1,-0.05607808,0.009613939
-2.05,-0.05081025,0.009693126
-2.0,-0.04552171,0.009853795
-1.95,-0.04032683,0.009687738
-1.9,-0.03508365,0.009558253
-1.85,-0.02982153,0.009485262
-1.8,-0.02455655,0.009434032
-1.75,-0.01929267,0.009393445
-1.7,-0.01402958,0.009359535
-1.65,-0.008784194,0.0093262
-1.6,-0.003560196,0.009301447
-1.55,0.00166589,0.009282936
-1.5,0.006927925,0.00926139
-1.45,0.01220791,0.009240618
-1.4,0.017484,0.009223332
-1.35,0.02275634,0.009208858
-1.3,0.02802517,0.00919671
-1.25,0.03329077,0.009186481
-1.2,0.03855346,0.009177842
-1.15,0.04381352,0.009170542
-1.1,0.0490712,0.009164385
-1.05,0.05432674,0.009159108
-1.0,0.05957982,0.009154371
-0.95,0.0648312,0.009150423
-0.9,0.070081,0.009147167
-0.85,0.07532864,0.009144794
-0.8,0.08057437,0.009143173
-0.75,0.08581885,0.009142013
-0.7,0.0910622,0.009141278
-0.65,0.09630468,0.009141109
-0.6,0.1015464,0.009141455
-0.55,0.1067874,0.009142124
-0.5,0.1120277,0.009143096
-0.45,0.1172675,0.009144353
-0.4,0.1225068,0.00914588
-0.35,0.1277458,0.009147668
-0.3,0.1329844,0.009149708
-0.25,0.1382229,0.009151992
-0.2,0.1434611,0.00915448
-0.15,0.1486991,0.009157141
-0.1,0.153937,0.009160042
-0.05,0.1591748,0.009163157
0.0,0.1644122,0.009166344
0.05,0.1696496,0.00916978
0.1,0.1748869,0.009173474
0.15,0.1801241,0.009177431
0.2,0.1853612,0.009181652
0.25,0.1905983,0.00918614
0.3,0.1958354,0.009190884
0.35,0.2010734,0.009196036
0.4,0.2063112,0.009201271
0.45,0.2115489,0.009206784
0.5,0.2167865,0.009212587
0.55,0.2220238,0.009218681
0.6,0.2272611,0.009225069
0.65,0.2324981,0.009231753
0.7,0.2377349,0.009238737
0.75,0.2429716,0.009246024
0.8,0.2482079,0.00925362
0.85,0.2534441,0.009261531
0.9,0.25868,0.009269762
0.95,0.263915,0.009278509
1.0,0.2691489,0.009287875
1.05,0.2743827,0.009297917
1.1,0.2796162,0.009308345
1.15,0.2848493,0.009319168
1.2,0.2900819,0.009330397
1.25,0.295314,0.009342038
1.3,0.3005455,0.009354144
1.35,0.3057767,0.009366729
1.4,0.3110089,0.009379397
1.45,0.316241,0.009392503
1.5,0.3214726,0.009406128
1.55,0.3267037,0.009420323
1.6,0.3319342,0.009435121
1.65,0.337164,0.009450554
1.7,0.3423931,0.009466675
1.75,0.3476214,0.009483539
1.8,0.3528489,0.009501207
1.85,0.3580754,0.009519755
1.9,0.3632988,0.009539871
1.95,0.3685206,0.009561181
2.0,0.373741,0.009583676
2.05,0.3789599,0.009607489
2.1,0.3841771,0.009632786
2.15,0.3893922,0.009659752
2.2,0.3945969,0.009689532
2.25,0.3997725,0.00972528
2.3,0.4049211,0.009769661
2.35,0.410044,0.009825288
2.4,0.4151734,0.009881312
2.45,0.4203165,0.009933825
2.5,0.4254369,0.009994615
2.55,0.4305235,0.01006734
2.6,0.4355557,0.01015891
2.65,0.4404902,0.01028324
2.7,0.4452294,0.01046978
2.75,0.4505411,0.01045071
2.8,0.4560526,0.01035749
2.85,0.4614581,0.01029824
2.9,0.4668052,0.01025927
2.95,0.4720985,0.01023454
3.0,0.4771175,0.01032348
3.05,0.4814001,0.01078967
3.1,0.4864507,0.01094487
4.3,0.6020806,0.02084417
4.35,0.602871,0.02444658
4.4,0.6074337,0.02473154
4.45,0.6130118,0.02453116
4.5,0.620429,0.02366442
4.55,0.6241634,0.02383321
7.15,0.7492788,0.06776873
7.2,0.7487429,0.06855699
7.25,0.7480825,0.06933773
7.3,0.7473784,0.07012031
7.35,0.7465575,0.07089594
7.4,0.7455446,0.07165667
7.45,0.7443388,0.07240032
7.5,0.7429392,0.07312648
7.55,0.7414238,0.0738458
7.6,0.7398187,0.0745612
7.65,0.7380549,0.07526328
7.7,0.7358367,0.07590566
7.75,0.732586,0.07639684
7.8,0.7289416,0.07683624
7.85,0.7252595,0.07728075
7.9,0.7215034,0.0777344
7.95,0.7177716,0.07821595
8.0,0.7140983,0.0787324
8.05,0.7104679,0.07928675
8.1,0.7068346,0.07988674
8.15,0.7030679,0.08054361
8.2,0.6995718,0.08124665
8.25,0.6966209,0.08197057
8.3,0.6941266,0.08270366
8.35,0.6919661,0.08344513
8.4,0.6900589,0.08419466
8.45,0.6883559,0.08495145
8.5,0.6868212,0.08571447
8.55,0.6854292,0.08648271
8.6,0.6841607,0.08725553
8.65,0.6830015,0.08803225
8.7,0.68194,0.08881236
8.75,0.6809673,0.08959547
8.8,0.6800758,0.09038121
8.85,0.6792594,0.09116933
8.9,0.6785126,0.09195962
8.95,0.6778297,0.09275068
9.0,0.6772044,0.09353983
9.05,0.676634,0.09432816
9.1,0.676118,0.09511786
9.15,0.6756454,0.09590945
9.2,0.6752211,0.09670358
9.25,0.6748467,0.09750092
9.3,0.6745188,0.09830049
9.35,0.6742367,0.09910285
9.4,0.6739982,0.09990758
9.45,0.6738016,0.1007145
9.5,0.6736454,0.1015234
9.55,0.6735281,0.1023343
9.6,0.6734483,0.1031469
9.65,0.6734049,0.1039611
9.7,0.6733967,0.1047769
9.75,0.6734225,0.1055942
9.8,0.6734812,0.106413
9.85,0.6735719,0.1072331
9.9,0.6736938,0.1080545
9.95,0.6738458,0.1088772
10.0,0.674026,0.109701
10.05,0.6742221,0.1105248
10.1,0.6744448,0.1113482
10.15,0.6746919,0.1121698
10.2,0.6749639,0.1129909
10.25,0.6752614,0.1138129
10.3,0.6755847,0.1146369
10.35,0.6759338,0.1154631
10.4,0.6763081,0.1162918
10.45,0.6767071,0.1171228
10.5,0.6771303,0.1179559
10.55,0.677577,0.1187911
10.6,0.6780464,0.1196281
10.65,0.6785338,0.1204663
10.7,0.6790365,0.1213053
10.75,0.6795607,0.1221458
10.8,0.6801059,0.1229876
10.85,0.6806714,0.1238307
10.9,0.6812568,0.124675
10.95,0.6818617,0.1255205
11.0,0.6824855,0.1263669
11.05,0.6831279,0.1272143
11.1,0.6837882,0.1280627
11.15,0.684458,0.1289107
11.2,0.685145,0.1297594
11.25,0.6858491,0.1306089
11.3,0.6865699,0.1314592
11.35,0.6873071,0.1323101
11.4,0.6880603,0.1331617
11.45,0.6888291,0.1340138
11.5,0.6896096,0.1348659
11.55,0.690402,0.1357179
11.6,0.6912094,0.1365703
11.65,0.6920313,0.1374232
11.7,0.6928665,0.138275
11.75,0.6937142,0.1391251
11.8,0.6945716,0.1399739
11.85,0.6954396,0.1408225
11.9,0.696321,0.1416721
11.95,0.6972157,0.1425231
12.0,0.6981235,0.1433754
12.05,0.6990409,0.1442285
12.1,0.6999698,0.1450824
12.15,0.7009112,0.1459375
12.2,0.7018645,0.1467933
12.25,0.7028261,0.1476491
12.3,0.7037994,0.1485055
12.35,0.7047836,0.1493622
12.4,0.7057763,0.1502187
12.45,0.70678,0.1510754
12.5,0.7077923,0.1519319
12.55,0.7088146,0.1527882
12.6,0.7098455,0.1536441
12.65,0.7108858,0.1544998
12.7,0.7119346,0.1553549
12.75,0.7129921,0.1562096
12.8,0.7140581,0.1570636
12.85,0.7151322,0.157917
12.9,0.7162148,0.1587696
12.95,0.7173061,0.1596219
13.0,0.7184059,0.1604736
13.05,0.719514,0.1613248
13.1,0.7206301,0.1621755
13.15,0.7217542,0.1630255
13.2,0.722886,0.1638749
13.25,0.7240252,0.1647235
13.3,0.7251719,0.1655715
13.35,0.7263256,0.1664187
13.4,0.7274864,0.1672651
13.45,0.7286539,0.1681106
13.5,0.7298281,0.1689554
13.55,0.7310088,0.1697992
13.6,0.7321958,0.1706422
13.65,0.733389,0.1714842
13.7,0.7345881,0.1723253
13.75,0.7357931,0.1731654
13.8,0.7370039,0.1740046
13.85,0.7382201,0.1748427
13.9,0.7394418,0.1756798
13.95,0.7406688,0.1765157
14.0,0.7419011,0.1773487
14.05,0.7431386,0.1781785
14.1,0.7443812,0.179006
14.15,0.7456288,0.1798316
14.2,0.7468812,0.1806561
14.25,0.7481383,0.1814799
14.3,0.7493998,0.1823033
14.35,0.7506657,0.1831264
14.4,0.7519357,0.1839497
14.45,0.7532098,0.1847728
14.5,0.7544877,0.1855956
14.55,0.7557694,0.1864179
14.6,0.7570549,0.1872398
14.65,0.7583438,0.1880611
14.7,0.7596362,0.1888817
14.75,0.760932,0.1897016
14.8,0.762231,0.1905208
14.85,0.7635331,0.1913392
14.9,0.7648383,0.1921566
14.95,0.7661464,0.1929732
15.0,0.7674573,0.1937888
15.05,0.768771,0.1946035
15.1,0.7700874,0.1954171
15.15,0.7714062,0.1962297
15.2,0.7727277,0.1970412
15.25,0.7740515,0.1978516
15.3,0.7753776,0.1986609
15.35,0.776706,0.1994691
15.4,0.7780365,0.2002762
15.45,0.7793691,0.2010821
15.5,0.7807037,0.2018868
15.55,0.7820402,0.2026903
15.6,0.7833786,0.2034926
15.65,0.7847188,0.2042938
15.7,0.7860606,0.2050937
15.75,0.7874041,0.2058923
15.8,0.7887492,0.2066898
15.85,0.7900958,0.207486
15.9,0.7914439,0.2082809
15.95,0.7927933,0.2090746
16.0,0.794144,0.2098671
16.05,0.7954959,0.2106582
16.1,0.7968491,0.2114481
16.15,0.7982034,0.2122368
16.2,0.7995587,0.2130242
16.25,0.8009151,0.2138107
16.3,0.8022723,0.214596
16.35,0.8036305,0.2153799
16.4,0.8049895,0.2161627
16.45,0.8063493,0.2169441
16.5,0.8077099,0.2177242
16.55,0.8090711,0.2185031
16.6,0.8104329,0.2192807
16.65,0.8117954,0.2200571
16.7,0.8131583,0.2208321
16.75,0.8145218,0.2216059
16.8,0.8158857,0.2223784
16.85,0.8172499,0.2231497
16.9,0.8186145,0.2239196
16.95,0.8199794,0.2246883
17.0,0.8213446,0.2254558
17.05,0.8227099,0.2262219
17.1,0.8240753,0.2269868
17.15,0.825441,0.2277504
17.2,0.8268067,0.2285128
17.25,0.8281724,0.2292739
17.3,0.8295381,0.2300337
17.35,0.8309038,0.2307923
17.4,0.8322694,0.2315496
17.45,0.8336348,0.2323056
17.5,0.8350001,0.2330604
17.55,0.8363652,0.233814
17.6,0.83773,0.2345662
17.65,0.8390946,0.2353173
17.7,0.8404588,0.236067
17.75,0.8418227,0.2368156
17.8,0.8431862,0.2375629
17.85,0.8445493,0.2383089
17.9,0.8459119,0.2390537
17.95,0.8472741,0.2397972
18.0,0.8486357,0.2405396
18.05,0.8499967,0.2412806
18.1,0.8513573,0.2420205
18.15,0.8527171,0.2427591
18.2,0.8540763,0.2434965
18.25,0.8554349,0.2442326
18.3,0.8567927,0.2449675
18.35,0.8581498,0.2457012
18.4,0.8595061,0.2464337
18.45,0.8608617,0.2471649
18.5,0.8622164,0.247895
18.55,0.8635702,0.2486238
18.6,0.8649232,0.2493514
18.65,0.8662745,0.2500699
18.7,0.8676236,0.2507737
18.75,0.8689706,0.251464
18.8,0.8703156,0.2521422
18.85,0.8716587,0.2528095
18.9,0.8730002,0.2534674
18.95,0.8743399,0.2541171
19.0,0.8756782,0.2547599
19.05,0.8770151,0.2553968
19.1,0.8783504,0.2560288
19.15,0.8796839,0.2566569
19.2,0.8810171,0.2572818
19.25,0.8823506,0.2579041
19.3,0.8836835,0.2585248
19.35,0.885015,0.2591448
19.4,0.8863436,0.2597651
19.45,0.8876685,0.2603866
19.5,0.8896509,0.2616591
19.55,0.8896602,0.2618993
44.4,1.163697,0.5620224
44.45,1.163292,0.5624329
44.5,1.162884,0.5628412
44.55,1.162472,0.5632483
44.6,1.162056,0.5636539
44.65,1.161636,0.5640582
44.7,1.161213,0.5644612
44.75,1.160786,0.5648628
44.8,1.160355,0.565263
44.85,1.159921,0.5656618
44.9,1.159483,0.5660593
44.95,1.159041,0.5664553
45.0,1.158595,0.56685
45.05,1.158146,0.5672433
45.1,1.157693,0.5676353
45.15,1.157237,0.5680259
45.2,1.156776,0.568415
45.25,1.156312,0.5688029
45.3,1.155845,0.5691893
45.35,1.155373,0.5695743
45.4,1.154899,0.5699579
45.45,1.15442,0.5703402
45.5,1.153938,0.570721
45.55,1.153452,0.5711004
45.6,1.152962,0.5714785
45.65,1.152469,0.5718551
45.7,1.151972,0.5722304
45.75,1.151471,0.5726042
45.8,1.150967,0.5729766
45.85,1.15046,0.5733477
45.9,1.149948,0.5737173
45.95,1.149433,0.5740855
46.0,1.148914,0.5744523
46.05,1.148392,0.5748178
46.1,1.147866,0.5751818
46.15,1.147337,0.5755444
46.2,1.146804,0.5759055
46.25,1.146268,0.5762653
46.3,1.145727,0.5766236
46.35,1.145184,0.5769805
46.4,1.144636,0.577336
46.45,1.144086,0.5776901
46.5,1.143531,0.5780427
46.55,1.142973,0.5783939
46.6,1.142412,0.5787438
46.65,1.141847,0.5790921
46.7,1.141278,0.579439
46.75,1.140706,0.5797846
46.8,1.14013,0.5801287
46.85,1.139551,0.5804713
46.9,1.138968,0.5808126
46.95,1.138382,0.5811524
47.0,1.137792,0.5814908
47.05,1.137199,0.5818277
47.1,1.136603,0.5821632
47.15,1.136002,0.5824972
47.2,1.135399,0.5828299
47.25,1.134792,0.5831611
47.3,1.134181,0.5834908
47.35,1.133567,0.5838192
47.4,1.132949,0.5841461
47.45,1.132328,0.5844715
47.5,1.131704,0.5847955
47.55,1.131076,0.5851181
47.6,1.130445,0.5854392
47.65,1.12981,0.5857589
47.7,1.129172,0.5860772
47.75,1.12853,0.586394
47.8,1.127885,0.5867093
47.85,1.127236,0.5870232
47.9,1.126585,0.5873357
47.95,1.125929,0.5876467
48.0,1.125271,0.5879563
48.05,1.124609,0.5882645
48.1,1.123943,0.5885711
48.15,1.123274,0.5888764
48.2,1.122602,0.5891802
48.25,1.121927,0.5894825
48.3,1.121248,0.5897835
48.35,1.120566,0.5900829
48.4,1.11988,0.590381
48.45,1.119191,0.5906776
48.5,1.118499,0.5909727
48.55,1.117804,0.5912657
48.6,1.117105,0.5915585
48.65,1.116403,0.5918491
48.7,1.115697,0.5921382
48.75,1.114988,0.592426
48.8,1.114276,0.5927123
48.85,1.113561,0.5929972
48.9,1.112842,0.5932806
48.95,1.11212,0.5935625
49.0,1.111395,0.5938431
49.05,1.110667,0.5941222
49.1,1.109935,0.5943998
49.15,1.1092,0.594676
49.2,1.108462,0.5949508
49.25,1.10772,0.5952241
49.3,1.106975,0.595496
49.35,1.106228,0.5957664
49.4,1.105476,0.5960354
49.45,1.104722,0.5963029
49.5,1.103965,0.5965691
49.55,1.103204,0.5968338
49.6,1.10244,0.597097
49.65,1.101673,0.5973588
49.7,1.100903,0.5976192
49.75,1.100129,0.5978782
49.8,1.099353,0.5981357
49.85,1.098573,0.5983918
49.9,1.09779,0.5986464
49.95,1.097004,0.5988997
50.0,1.096215,0.5991514
50.05,1.095423,0.5994018
50.1,1.094627,0.5996507
50.15,1.093829,0.5998983
50.2,1.093027,0.6001444
50.25,1.092223,0.6003891
50.3,1.091415,0.6006324
50.35,1.090604,0.6008742
50.4,1.08979,0.6011147
50.45,1.088973,0.6013537
50.5,1.088153,0.6015913
50.55,1.08733,0.6018276
50.6,1.086504,0.6020623
50.65,1.085675,0.6022958
50.7,1.084843,0.6025278
50.75,1.084008,0.6027584
50.8,1.08317,0.6029876
50.85,1.082329,0.6032154
50.9,1.081485,0.6034418
50.95,1.080638,0.6036668
51.0,1.079787,0.6038905
51.05,1.078935,0.6041127
51.1,1.078079,0.6043336
51.15,1.07722,0.6045531
51.2,1.076358,0.6047713
51.25,1.075493,0.604988
51.3,1.074625,0.6052034
51.35,1.073755,0.6054174
51.4,1.072881,0.6056301
51.45,1.072005,0.6058414
51.5,1.071126,0.6060513
51.55,1.070244,0.6062599
51.6,1.069359,0.6064672
51.65,1.068471,0.6066731
51.7,1.06758,0.6068777
51.75,1.066687,0.6070809
51.8,1.065791,0.6072828
51.85,1.064892,0.6074834
51.9,1.06399,0.6076827
51.95,1.063085,0.6078807
52.0,1.062178,0.6080773
52.05,1.061267,0.6082727
52.1,1.060355,0.6084667
52.15,1.059439,0.6086595
52.2,1.058521,0.608851
52.25,1.0576,0.6090412
52.3,1.056676,0.6092302
52.35,1.055749,0.6094179
52.4,1.05482,0.6096044
52.45,1.053889,0.6097896
52.5,1.052954,0.6099735
52.55,1.052017,0.6101562
52.6,1.051079,0.6103376
52.65,1.050138,0.6105185
52.7,1.049196,0.6106985
52.75,1.04825,0.6108773
52.8,1.047302,0.6110549
52.85,1.046351,0.6112315
52.9,1.045397,0.611406
52.95,1.044441,0.6115794
53.0,1.043482,0.6117521
53.05,1.04252,0.6119236
53.1,1.041557,0.6120942
53.15,1.040591,0.6122638
53.2,1.039623,0.6124324
53.25,1.038652,0.6126
53.3,1.03768,0.6127669
53.35,1.036705,0.6129327
53.4,1.035728,0.6130978
53.45,1.034749,0.6132621
53.5,1.033769,0.6134257
53.55,1.032786,0.6135886
53.6,1.031802,0.6137509
53.65,1.030815,0.6139129
53.7,1.029828,0.6140743
53.75,1.028839,0.6142356
53.8,1.027848,0.6143968
53.85,1.026857,0.6145579
53.9,1.025864,0.6147192
53.95,1.024871,0.6148809
54.0,1.023878,0.6150439
54.05,1.022885,0.615208
54.1,1.021893,0.6153781
54.15,1.020903,0.6155474
54.2,1.019915,0.61572
54.25,1.018931,0.6158978
54.3,1.017954,0.6160826
54.35,1.016985,0.6162771
54.4,1.016029,0.6164844
54.45,1.015089,0.6167093
54.5,1.014178,0.616963
54.55,1.013303,0.6172533
54.6,1.012449,0.617565
54.65,1.011594,0.6178776
54.7,1.010721,0.6181749
54.75,1.00983,0.6184556
54.8,1.008923,0.6187225
54.85,1.008003,0.6189781
54.9,1.007072,0.6192244
54.95,1.006132,0.619467
55.0,1.005183,0.619698
55.05,1.004228,0.6199232
55.1,1.003265,0.6201431
55.15,1.002297,0.6203582
55.2,1.001322,0.6205689
55.25,1.000343,0.6207756
55.3,0.9993583,0.6209782
55.35,0.9983693,0.6211777
55.4,0.9973758,0.6213742
55.45,0.9963782,0.621568
55.5,0.9953766,0.6217586
55.55,0.9943711,0.6219465
55.6,0.9933618,0.6221319
55.65,0.9923488,0.6223147
55.7,0.9913323,0.6224952
55.75,0.9903123,0.6226735
55.8,0.989289,0.6228496
55.85,0.9882624,0.6230234
55.9,0.9872325,0.6231952
55.95,0.9861994,0.6233649
56.0,0.9851633,0.6235321
56.05,0.9841242,0.6236979
56.1,0.9830822,0.623862
56.15,0.9820372,0.6240242
56.2,0.9809894,0.6241847
56.25,0.9799387,0.6243434
56.3,0.9788854,0.6245005
56.35,0.9778293,0.6246559
56.4,0.9767705,0.6248096
56.45,0.9757091,0.6249618
56.5,0.974645,0.6251124
56.55,0.9735784,0.6252615
56.6,0.9725093,0.6254092
56.65,0.9714376,0.6255553
56.7,0.9703634,0.6257
56.75,0.9692868,0.6258433
56.8,0.9682078,0.6259851
56.85,0.9671263,0.6261256
56.9,0.9660425,0.6262645
56.95,0.9649564,0.6264023
57.0,0.963868,0.6265388
57.05,0.9627773,0.6266739
57.1,0.9616843,0.6268079
57.15,0.9605891,0.6269406
57.2,0.9594917,0.6270721
57.25,0.9583921,0.6272024
57.3,0.9572905,0.6273316
57.35,0.9561867,0.6274595
57.4,0.9550808,0.6275864
57.45,0.9539729,0.6277122
57.5,0.952863,0.6278369
57.55,0.9517511,0.6279606
57.6,0.9506372,0.6280833
57.65,0.9495214,0.6282051
57.7,0.9484038,0.6283258
57.75,0.9472843,0.6284457
57.8,0.9461631,0.6285647
57.85,0.94504,0.6286829
57.9,0.9439153,0.6288003
57.95,0.9427889,0.6289169
58.0,0.9416609,0.6290329
58.05,0.9405314,0.6291481
58.1,0.9394003,0.6292627
58.15,0.9382678,0.6293768
58.2,0.9371338,0.6294904
58.25,0.9359986,0.6296036
58.3,0.9348621,0.6297165
58.35,0.9337244,0.6298289
58.4,0.9325855,0.6299411
58.45,0.9314456,0.630053
58.5,0.9303047,0.6301649
58.55,0.9291629,0.6302767
58.6,0.9280202,0.6303885
58.65,0.9268767,0.6305003
58.7,0.9257323,0.6306123
58.75,0.9245872,0.6307243
58.8,0.9234415,0.6308364
58.85,0.9222949,0.6309488
58.9,0.9211475,0.6310612
58.95,0.9199993,0.6311736
59.0,0.9188501,0.6312858
59.05,0.9176997,0.6313977
59.1,0.9165481,0.6315092
59.15,0.9153954,0.6316205
59.2,0.9142417,0.6317317
59.25,0.9130868,0.6318426
59.3,0.9119307,0.631953
59.35,0.9107732,0.6320629
59.4,0.9096141,0.6321722
59.45,0.9084535,0.6322808
59.5,0.9072911,0.6323885
59.55,0.9061269,0.6324951
59.6,0.9049606,0.6326006
59.65,0.9037923,0.6327049
59.7,0.9026226,0.6328065
59.75,0.9014502,0.6329107
59.8,0.9002752,0.6330102
59.85,0.8990977,0.6331086
59.9,0.8979177,0.6332052
59.95,0.8967353,0.6333001
60.0,0.8955502,0.6333933
60.05,0.8943627,0.6334848
60.1,0.893173,0.633575
60.15,0.8919808,0.6336634
60.2,0.8907863,0.6337503
60.25,0.8895893,0.6338356
60.3,0.8883899,0.6339192
60.35,0.8871881,0.6340013
60.4,0.8859838,0.6340817
60.45,0.8847772,0.6341605
60.5,0.8835683,0.6342376
60.55,0.882357,0.6343133
60.6,0.8811434,0.6343874
60.65,0.8799275,0.6344599
60.7,0.8787093,0.6345308
60.75,0.8774889,0.6346003
60.8,0.8762663,0.6346684
60.85,0.8750414,0.6347349
60.9,0.8738144,0.6348
60.95,0.8725852,0.6348637
61.0,0.8713538,0.634926
61.05,0.8701203,0.6349869
61.1,0.8688847,0.6350463
61.15,0.8676471,0.6351044
61.2,0.8664073,0.6351612
61.25,0.8651655,0.6352165
61.3,0.8639216,0.6352705
61.35,0.8626758,0.6353232
61.4,0.8614279,0.6353747
61.45,0.8601781,0.6354247
61.5,0.8589262,0.6354735
61.55,0.8576724,0.6355211
61.6,0.8564166,0.6355673
61.65,0.8551589,0.6356122
61.7,0.8538993,0.6356561
61.75,0.8526378,0.6356986
61.8,0.8513744,0.6357398
61.85,0.8501092,0.6357799
61.9,0.848842,0.6358188
61.95,0.847573,0.6358564
62.0,0.8463022,0.635893
62.05,0.8450295,0.6359283
62.1,0.8437551,0.6359624
62.15,0.8424788,0.6359954
62.2,0.8412007,0.6360273
62.25,0.8399209,0.636058
62.3,0.8386393,0.6360876
62.35,0.8373559,0.636116
62.4,0.8360708,0.6361433
62.45,0.834784,0.6361695
62.5,0.8334955,0.6361946
62.55,0.8322052,0.6362186
62.6,0.8309133,0.6362415
62.65,0.8296196,0.6362633
62.7,0.8283244,0.6362841
62.75,0.8270274,0.6363038
62.8,0.8257288,0.6363224
62.85,0.8244285,0.6363401
62.9,0.8231266,0.6363567
62.95,0.8218231,0.6363722
63.0,0.820518,0.6363867
63.05,0.8192112,0.6364002
63.1,0.8179029,0.6364127
63.15,0.8165931,0.6364241
63.2,0.8152816,0.6364346
63.25,0.8139685,0.6364442
63.3,0.812654,0.6364527
63.35,0.8113378,0.6364602
63.4,0.8100202,0.6364669
63.45,0.808701,0.6364725
63.5,0.8073804,0.6364771
63.55,0.8060582,0.6364809
63.6,0.8047345,0.6364837
63.65,0.8034094,0.6364856
63.7,0.8020828,0.6364865
63.75,0.8007547,0.6364865
63.8,0.7994252,0.6364856
63.85,0.7980942,0.6364839
63.9,0.7967618,0.6364812
63.95,0.795428,0.6364776
64.0,0.7940928,0.6364732
64.05,0.7927561,0.6364679
64.1,0.7914181,0.6364617
64.15,0.7900787,0.6364547
64.2,0.7887379,0.6364468
64.25,0.7873958,0.6364381
64.3,0.7860523,0.6364286
64.35,0.7847074,0.6364182
64.4,0.7833613,0.636407
64.45,0.7820137,0.636395
64.5,0.7806649,0.6363822
64.55,0.7793148,0.6363686
64.6,0.7779634,0.6363541
64.65,0.7766107,0.636339
64.7,0.7752567,0.636323
64.75,0.7739015,0.636306
64.8,0.7725451,0.6362872
64.85,0.7711874,0.6362696
64.9,0.7698285,0.6362506
64.95,0.7684684,0.6362309
65.0,0.7671071,0.6362105
65.05,0.7657446,0.6361892
65.1,0.7643809,0.6361673
65.15,0.7630159,0.6361447
65.2,0.7616498,0.6361215
65.25,0.7602825,0.6360977
65.3,0.7589139,0.6360731
65.35,0.7575443,0.6360474
65.4,0.7561735,0.6360204
65.45,0.7548016,0.6359937
65.5,0.7534285,0.6359662
65.55,0.7520543,0.6359382
65.6,0.7506791,0.6359096
65.65,0.7493027,0.6358803
65.7,0.7479253,0.6358504
65.75,0.7465468,0.6358199
65.8,0.7451673,0.6357888
65.85,0.7437867,0.6357571
65.9,0.7424051,0.6357249
65.95,0.7410225,0.6356921
66.0,0.7396389,0.6356588
66.05,0.7382542,0.6356249
66.1,0.7368686,0.6355906
66.15,0.735482,0.6355556
66.2,0.7340945,0.6355203
66.25,0.732706,0.6354843
66.3,0.7313166,0.635448
66.35,0.7299262,0.6354114
66.4,0.728535,0.6353741
66.45,0.7271429,0.6353365
66.5,0.7257499,0.6352984
66.55,0.724356,0.6352598
66.6,0.7229613,0.6352209
66.65,0.7215658,0.6351817
66.7,0.7201694,0.635142
66.75,0.7187723,0.635102
66.8,0.7173744,0.6350618
66.85,0.7159757,0.6350212
66.9,0.7145762,0.6349803
66.95,0.7131761,0.6349391
67.0,0.7117753,0.6348978
67.05,0.7103738,0.6348563
67.1,0.7089716,0.6348147
67.15,0.7075688,0.6347729
67.2,0.7061654,0.6347309
67.25,0.7047614,0.6346887
67.3,0.703357,0.6346466
67.35,0.701952,0.6346044
67.4,0.7005465,0.6345622
67.45,0.6991405,0.6345201
67.5,0.6977342,0.634478
67.55,0.6963276,0.6344361
67.6,0.6949206,0.6343944
67.65,0.6935134,0.634353
67.7,0.692106,0.634312
67.75,0.6906984,0.6342713
67.8,0.6892908,0.6342311
67.85,0.6878833,0.6341915
67.9,0.6864758,0.6341527
67.95,0.6850685,0.6341146
68.0,0.6836615,0.6340773
68.05,0.682255,0.634041
68.1,0.680849,0.634006
68.15,0.6794438,0.6339725
68.2,0.6780394,0.6339403
68.25,0.676636,0.6339099
68.3,0.6752338,0.6338813
68.35,0.6738331,0.633855
68.4,0.6724338,0.6338304
68.45,0.6710359,0.6338142
68.5,0.6696397,0.6337951
68.55,0.6682447,0.6337778
68.6,0.6668503,0.6337616
68.65,0.6654557,0.6337454
68.7,0.6640605,0.6337286
68.75,0.6626637,0.6337102
68.8,0.6612641,0.6336881
68.85,0.6598603,0.633661
68.9,0.6584508,0.6336272
68.95,0.657035,0.6335854
69.0,0.6556122,0.633535
69.05,0.6541821,0.6334757
69.1,0.6527452,0.6334078
69.15,0.6513016,0.6333318
69.2,0.6498521,0.6332484
69.25,0.648397,0.6331579
69.3,0.646937,0.6330612
69.35,0.6454725,0.6329589
69.4,0.6440038,0.6328514
69.45,0.6425314,0.6327392
69.5,0.6410558,0.6326246
69.55,0.6395767,0.6325023
69.6,0.6380945,0.6323777
69.65,0.6366095,0.6322497
69.7,0.6351218,0.6321183
69.75,0.6336316,0.6319839
69.8,0.6321391,0.6318466
69.85,0.6306444,0.6317065
69.9,0.6291475,0.631564
69.95,0.6276486,0.6314189
70.0,0.6261478,0.6312716
